City_ID,City,Country,Date,Lat,Lng,Max Temp,Humidity,Cloudiness,Wind Speed
0,Punta Arenas,CL,2020-10-31 17:33:42,-53.15,-70.92,53.6,66,0,2.24
1,Bredasdorp,ZA,2020-10-31 17:33:50,-34.53,20.04,60.8,59,0,9.17
2,Namibe,AO,2020-10-31 17:36:46,-15.2,12.15,72.7,78,18,10.94
3,Hearst,CA,2020-10-31 17:36:46,49.68,-83.67,39.2,60,100,17.22
4,Clyde River,CA,2020-10-31 17:33:12,70.47,-68.59,15.8,92,90,12.75
5,Vila Velha,BR,2020-10-31 17:36:03,-20.33,-40.29,73.4,83,75,5.82
6,Ushuaia,AR,2020-10-31 17:36:01,-54.8,-68.3,55.4,58,75,5.82
7,Tobol,KZ,2020-10-31 17:36:47,52.68,62.58,37.53,77,82,10.56
8,Buin,CL,2020-10-31 17:36:47,-33.73,-70.75,86.0,23,0,5.82
9,Port Alfred,ZA,2020-10-31 17:35:55,-33.59,26.89,65.23,75,87,15.39
10,Hovd,MN,2020-10-31 17:36:47,48.01,91.64,27.0,85,0,1.81
11,Hermanus,ZA,2020-10-31 17:36:47,-34.42,19.23,61.0,70,0,4.0
12,San Patricio,US,2020-10-31 17:36:09,28.02,-97.52,75.99,53,20,5.82
13,Launceston,AU,2020-10-31 17:36:48,-41.45,147.17,50.0,93,40,10.29
14,Jamestown,US,2020-10-31 17:35:23,42.1,-79.24,42.01,64,90,10.29
15,Bilibino,RU,2020-10-31 17:36:48,68.05,166.44,-1.23,84,29,2.48
16,Synya,RU,2020-10-31 17:36:48,65.37,58.04,32.41,96,100,10.0
17,Castro,BR,2020-10-31 17:34:08,-24.79,-50.01,61.52,76,99,7.34
18,Manggar,ID,2020-10-31 17:36:46,-2.88,108.27,79.3,83,90,4.18
19,Kysyl-Syr,RU,2020-10-31 17:36:49,63.9,122.76,-8.63,90,89,3.78
20,Fort Nelson,CA,2020-10-31 17:36:49,58.81,-122.7,14.0,92,75,3.36
21,Batsfjord,NO,2020-10-31 17:36:49,70.63,29.72,31.06,94,83,8.72
22,Rikitea,PF,2020-10-31 17:32:41,-23.12,-134.97,75.09,70,6,7.58
23,Yulara,AU,2020-10-31 17:36:50,-25.24,130.99,68.0,24,57,5.82
24,Ribeira Grande,PT,2020-10-31 17:33:44,38.52,-28.7,71.6,88,40,18.34
25,Najran,SA,2020-10-31 17:36:50,17.49,44.13,71.6,26,0,4.7
26,Hilo,US,2020-10-31 17:33:33,19.73,-155.09,75.99,69,20,6.93
27,Butaritari,KI,2020-10-31 17:34:02,3.07,172.79,81.39,75,68,16.35
28,Isangel,VU,2020-10-31 17:34:05,-19.55,169.27,74.8,80,76,16.69
29,Panguna,PG,2020-10-31 17:34:51,-6.32,155.48,67.87,100,78,1.1
30,Mgandu,TZ,2020-10-31 17:36:51,-5.95,34.13,71.85,38,84,10.65
31,Puerto Ayora,EC,2020-10-31 17:36:52,-0.74,-90.35,75.2,73,75,11.41
32,Hobyo,SO,2020-10-31 17:36:52,5.35,48.53,82.0,75,99,11.14
33,Thompson,CA,2020-10-31 17:36:52,55.74,-97.86,15.8,78,90,19.46
34,Kloulklubed,PW,2020-10-31 17:33:52,7.04,134.26,82.4,78,90,10.29
35,Cape Town,ZA,2020-10-31 17:32:51,-33.93,18.42,64.99,59,0,19.46
36,Carnarvon,AU,2020-10-31 17:33:24,-24.87,113.63,68.0,88,40,5.82
37,Ust-Nera,RU,2020-10-31 17:36:53,64.57,143.2,-4.25,81,100,2.26
38,San Cristobal,VE,2020-10-31 17:34:03,7.77,-72.22,87.8,55,40,11.41
39,Vaini,TO,2020-10-31 17:36:54,-21.2,-175.2,71.6,94,75,9.17
40,Albany,US,2020-10-31 17:36:54,42.6,-73.97,44.01,68,0,4.59
41,Nelson Bay,AU,2020-10-31 17:36:54,-32.72,152.15,55.4,93,4,6.93
42,Zaysan,KZ,2020-10-31 17:36:54,47.47,84.87,32.52,87,0,2.57
43,Ponta Do Sol,PT,2020-10-31 17:36:08,32.67,-17.1,71.6,83,20,12.75
44,Mandalgovi,MN,2020-10-31 17:36:55,45.76,106.27,22.57,80,0,10.51
45,Hithadhoo,MV,2020-10-31 17:33:44,-0.6,73.08,83.8,71,96,7.94
46,Hobart,AU,2020-10-31 17:36:47,-42.88,147.33,55.4,62,90,8.05
47,Khatanga,RU,2020-10-31 17:32:42,71.97,102.5,-7.46,87,94,7.67
48,Kodiak,US,2020-10-31 17:36:56,57.79,-152.41,32.0,88,1,8.05
49,Grindavik,IS,2020-10-31 17:36:56,63.84,-22.43,41.0,86,40,6.93
50,Songjianghe,CN,2020-10-31 17:36:56,42.19,127.48,39.56,92,86,7.05
51,Qaanaaq,GL,2020-10-31 17:36:56,77.48,-69.36,10.22,85,95,7.25
52,Kapaa,US,2020-10-31 17:36:57,22.08,-159.32,69.8,88,1,3.36
53,East London,ZA,2020-10-31 17:36:57,-33.02,27.91,64.4,72,20,6.93
54,Srikakulam,IN,2020-10-31 17:36:57,18.3,83.9,76.21,70,57,4.72
55,Olafsvik,IS,2020-10-31 17:36:32,64.89,-23.71,43.77,78,59,10.04
56,Hasaki,JP,2020-10-31 17:36:21,35.73,140.83,44.6,93,20,5.82
57,Mataura,NZ,2020-10-31 17:32:37,-46.19,168.86,46.99,81,3,5.01
58,Chuy,UY,2020-10-31 17:36:58,-33.7,-53.46,64.47,62,43,9.24
59,Avarua,CK,2020-10-31 17:32:37,-21.21,-159.78,71.6,88,100,12.75
60,Samana,DO,2020-10-31 17:36:58,19.21,-69.34,80.6,88,75,9.17
61,Breves,BR,2020-10-31 17:36:58,-1.68,-50.48,97.18,32,88,4.88
62,Itaquitinga,BR,2020-10-31 17:36:59,-7.67,-35.1,86.0,70,40,12.75
63,Stawell,AU,2020-10-31 17:36:59,-37.05,142.77,42.98,96,6,12.59
64,Faanui,PF,2020-10-31 17:34:01,-16.48,-151.75,78.64,75,34,20.58
65,Saint-Francois,FR,2020-10-31 17:36:59,46.42,3.91,55.4,87,0,1.12
66,Manbij,SY,2020-10-31 17:37:00,36.53,37.95,62.6,42,0,8.08
67,Busselton,AU,2020-10-31 17:33:04,-33.65,115.33,62.01,73,100,10.2
68,Nioro,GM,2020-10-31 17:37:00,13.35,-15.75,88.79,36,100,3.8
69,Barra Do Garcas,BR,2020-10-31 17:37:00,-15.89,-52.26,86.0,62,75,6.93
70,Salinas,US,2020-10-31 17:33:55,36.68,-121.66,64.0,42,1,16.11
71,Dvinskoy,RU,2020-10-31 17:37:01,62.15,45.12,30.9,97,0,3.89
72,Ginda,IN,2020-10-31 17:37:01,30.69,78.49,52.9,42,0,6.17
73,Hualmay,PE,2020-10-31 17:37:01,-11.1,-77.61,69.06,66,95,9.82
74,Dikson,RU,2020-10-31 17:37:01,73.51,80.55,17.22,97,100,13.73
75,Bambous Virieux,MU,2020-10-31 17:37:02,-20.34,57.76,69.8,73,40,6.93
76,Kargil,IN,2020-10-31 17:37:02,34.57,76.1,30.13,78,7,2.35
77,New Norfolk,AU,2020-10-31 17:37:02,-42.78,147.06,55.4,62,90,8.05
78,Tiksi,RU,2020-10-31 17:33:54,71.69,128.87,0.7,93,65,4.36
79,Andros Town,BS,2020-10-31 17:37:02,24.7,-77.77,84.2,74,40,12.75
80,La Ronge,CA,2020-10-31 17:37:03,55.1,-105.28,19.4,79,99,8.05
81,Tura,IN,2020-10-31 17:34:06,25.52,90.22,71.91,96,100,2.3
82,Guerrero Negro,MX,2020-10-31 17:34:28,27.98,-114.06,77.58,36,36,5.17
83,Tasiilaq,GL,2020-10-31 17:33:44,65.61,-37.64,32.0,97,75,4.7
84,Syracuse,IT,2020-10-31 17:37:04,37.09,15.28,66.2,82,0,4.7
85,Mar Del Plata,AR,2020-10-31 17:35:49,-38.0,-57.56,71.6,37,0,5.82
86,Saryg-Sep,RU,2020-10-31 17:37:04,51.5,95.6,20.52,95,80,1.77
87,Tuktoyaktuk,CA,2020-10-31 17:33:21,69.45,-133.04,-5.8,83,40,5.82
88,Noumea,NC,2020-10-31 17:37:05,-22.28,166.46,77.0,57,0,8.05
89,Floresta,BR,2020-10-31 17:37:05,-8.6,-38.57,98.11,22,100,9.04
90,Barabash,RU,2020-10-31 17:37:05,43.2,131.48,53.6,76,90,6.71
91,Torbay,CA,2020-10-31 17:33:06,47.67,-52.73,37.0,74,90,16.11
92,Lai,TD,2020-10-31 17:37:06,9.4,16.3,84.36,44,45,2.44
93,Broome,US,2020-10-31 17:34:20,42.25,-75.83,41.0,64,90,4.7
94,Chokurdakh,RU,2020-10-31 17:37:06,70.63,147.92,-3.53,93,97,7.83
95,Katobu,ID,2020-10-31 17:37:06,-4.94,122.53,75.51,89,92,2.62
96,Beringovskiy,RU,2020-10-31 17:34:00,63.05,179.32,19.15,93,97,11.41
97,Oyama,JP,2020-10-31 17:37:07,36.3,139.8,55.99,93,20,3.36
98,Plettenberg Bay,ZA,2020-10-31 17:37:07,-34.05,23.37,60.6,78,9,11.32
99,Mangrol,IN,2020-10-31 17:37:08,21.12,70.12,81.19,54,0,1.7
100,Alta Floresta,BR,2020-10-31 17:36:30,-9.88,-56.09,90.61,48,100,4.0
101,Mattru,SL,2020-10-31 17:37:08,7.62,-11.83,78.82,90,50,3.85
102,Okha,RU,2020-10-31 17:37:03,53.57,142.95,34.56,89,96,7.83
103,Belaya Gora,RU,2020-10-31 17:37:09,68.53,146.42,-8.9,91,99,4.88
104,Margate,GB,2020-10-31 17:36:37,51.38,1.39,55.0,81,62,4.0
105,Atuona,PF,2020-10-31 17:37:09,-9.8,-139.03,78.31,76,15,18.48
106,Pouembout,NC,2020-10-31 17:37:09,-21.13,164.9,73.35,82,48,5.93
107,Obuasi,GH,2020-10-31 17:37:10,6.21,-1.66,75.79,91,51,2.37
108,Ajdabiya,LY,2020-10-31 17:37:10,30.76,20.23,70.11,59,22,13.18
109,Upernavik,GL,2020-10-31 17:33:07,72.79,-56.15,16.14,94,72,12.62
110,Nome,US,2020-10-31 17:33:08,64.5,-165.41,14.0,78,1,4.7
111,Aklavik,CA,2020-10-31 17:36:03,68.22,-135.01,-4.0,83,75,3.36
112,Namatanai,PG,2020-10-31 17:37:11,-3.67,152.43,80.2,79,90,6.29
113,Itarema,BR,2020-10-31 17:33:13,-2.92,-39.92,86.13,60,97,17.96
114,Barrow,US,2020-10-31 17:33:54,71.29,-156.79,26.6,68,90,9.17
115,Borba,BR,2020-10-31 17:37:11,-4.39,-59.59,95.65,43,80,2.1
116,Gladstone,AU,2020-10-31 17:37:12,-23.85,151.25,75.2,78,8,4.7
117,Mayo,US,2020-10-31 17:37:12,38.89,-76.51,48.2,65,90,4.7
118,Muisne,EC,2020-10-31 17:37:12,0.6,-80.03,84.2,79,40,9.17
119,Pevek,RU,2020-10-31 17:37:12,69.7,170.31,12.78,96,99,10.04
120,Maniitsoq,GL,2020-10-31 17:37:13,65.42,-52.9,20.95,86,85,5.17
121,Bluff,NZ,2020-10-31 17:35:54,-46.6,168.33,46.99,81,38,5.01
122,Cayenne,GF,2020-10-31 17:37:13,4.93,-52.33,89.6,62,75,12.75
123,Talnakh,RU,2020-10-31 17:37:14,69.49,88.4,19.4,92,90,35.79
124,Alofi,NU,2020-10-31 17:37:14,-19.06,-169.92,73.4,94,81,10.29
125,Hami,CN,2020-10-31 17:36:01,42.8,93.45,35.46,72,0,3.13
126,Ilulissat,GL,2020-10-31 17:34:03,69.22,-51.1,17.6,67,75,6.93
127,Georgetown,MY,2020-10-31 17:37:15,5.41,100.34,75.2,94,40,3.36
128,Chabahar,IR,2020-10-31 17:37:15,25.29,60.64,72.99,54,0,6.98
129,Kushiro,JP,2020-10-31 17:34:05,42.98,144.37,41.63,83,92,3.71
130,Luderitz,NA,2020-10-31 17:37:15,-26.65,15.16,68.65,42,32,25.41
131,Camana,PE,2020-10-31 17:37:16,-16.62,-72.71,68.63,67,96,8.48
132,Yellowknife,CA,2020-10-31 17:37:16,62.46,-114.35,19.99,85,90,17.22
133,Nanakuli,US,2020-10-31 17:37:16,21.39,-158.15,71.6,88,20,4.7
134,Izumo,JP,2020-10-31 17:37:17,35.37,132.77,50.0,87,75,8.05
135,Deputatskiy,RU,2020-10-31 17:37:17,69.3,139.9,-8.66,91,95,4.9
136,Ulaangom,MN,2020-10-31 17:37:17,49.98,92.07,27.57,88,54,2.73
137,Coquimbo,CL,2020-10-31 17:37:17,-29.95,-71.34,57.2,76,75,9.17
138,Carutapera,BR,2020-10-31 17:33:39,-1.2,-46.02,87.53,57,24,10.13
139,Bressuire,FR,2020-10-31 17:37:18,46.92,-0.5,59.0,94,88,13.8
140,Provideniya,RU,2020-10-31 17:34:01,64.38,-173.3,21.22,87,95,6.73
141,Codrington,AU,2020-10-31 17:33:43,-38.27,141.97,46.69,89,16,2.93
142,Leningradskiy,RU,2020-10-31 17:37:18,69.38,178.42,18.46,92,92,10.18
143,Hambantota,LK,2020-10-31 17:33:09,6.12,81.12,79.75,81,29,12.41
144,Douentza,ML,2020-10-31 17:37:19,15.0,-2.95,87.06,13,0,4.18
145,Sayyan,YE,2020-10-31 17:37:19,15.17,44.32,55.44,36,12,5.39
146,Karasjok,NO,2020-10-31 17:37:19,69.47,25.51,32.0,97,75,14.99
147,Atyrau,KZ,2020-10-31 17:37:19,47.12,51.88,55.4,30,0,17.9
148,Fortuna,US,2020-10-31 17:33:59,40.6,-124.16,50.0,81,1,4.45
149,Arraial Do Cabo,BR,2020-10-31 17:37:19,-22.97,-42.03,69.8,94,90,5.82
150,Sibolga,ID,2020-10-31 17:37:20,1.74,98.78,77.83,81,100,3.11
151,Bethel,US,2020-10-31 17:33:49,41.37,-73.41,44.01,52,1,3.36
152,Saint-Joseph,RE,2020-10-31 17:37:20,-21.37,55.62,68.0,64,0,5.82
153,Saskylakh,RU,2020-10-31 17:37:20,71.92,114.08,-4.85,83,1,6.2
154,Jeremie,HT,2020-10-31 17:37:20,18.65,-74.12,85.08,67,94,4.14
155,Niono,ML,2020-10-31 17:36:15,14.25,-5.99,87.13,15,44,4.0
156,Cap Malheureux,MU,2020-10-31 17:37:21,-19.98,57.61,66.0,73,3,1.01
157,Zhigansk,RU,2020-10-31 17:34:40,66.77,123.37,-8.01,90,88,1.81
158,Ahuimanu,US,2020-10-31 17:36:47,21.44,-157.84,72.0,88,20,1.28
159,Inongo,CD,2020-10-31 17:37:22,-1.95,18.27,75.76,81,43,4.47
160,Punta Alta,AR,2020-10-31 17:37:22,-38.88,-62.07,76.28,23,0,4.07
161,Colmenar Viejo,ES,2020-10-31 17:37:22,40.66,-3.77,66.0,59,0,2.24
162,Mizan Teferi,ET,2020-10-31 17:37:16,6.98,35.58,63.79,91,98,1.81
163,Kruisfontein,ZA,2020-10-31 17:37:22,-34.0,24.73,63.0,77,44,8.68
164,Fremont,US,2020-10-31 17:35:02,37.55,-121.99,62.01,82,5,3.36
165,Morrope,PE,2020-10-31 17:37:23,-6.54,-80.01,75.99,64,75,6.93
166,Mao,ES,2020-10-31 17:36:34,39.89,4.27,64.4,77,0,4.7
167,Cozumel,MX,2020-10-31 17:36:46,20.51,-86.95,82.99,83,75,6.93
168,Jumla,NP,2020-10-31 17:33:34,29.27,82.18,47.52,53,34,5.99
169,Constitucion,CL,2020-10-31 17:35:00,-35.33,-72.42,66.72,56,1,5.37
170,Caravelas,BR,2020-10-31 17:34:07,-17.71,-39.25,73.71,95,100,1.95
171,Ust-Omchug,RU,2020-10-31 17:37:24,61.15,149.63,21.76,96,100,3.89
172,Comodoro Rivadavia,AR,2020-10-31 17:33:14,-45.87,-67.5,68.0,49,0,5.82
173,Nikolskoye,RU,2020-10-31 17:37:24,59.7,30.79,39.99,86,20,4.27
174,Khasan,RU,2020-10-31 17:37:24,42.43,130.64,48.27,66,44,2.84
175,Narsaq,GL,2020-10-31 17:34:05,60.92,-46.05,28.4,68,40,3.36
176,Port Hedland,AU,2020-10-31 17:37:25,-20.32,118.57,75.2,88,0,9.17
177,Hit,IQ,2020-10-31 17:33:14,33.64,42.83,68.94,23,49,5.19
178,Nuevo Progreso,MX,2020-10-31 17:37:25,23.17,-97.95,79.0,37,0,3.0
179,Bengkulu,ID,2020-10-31 17:37:26,-3.8,102.27,76.59,87,100,3.49
180,Lebu,CL,2020-10-31 17:37:26,-37.62,-73.65,60.53,64,8,10.96
181,Severo-Yeniseyskiy,RU,2020-10-31 17:36:46,60.37,93.04,5.14,93,46,4.74
182,Tatarsk,RU,2020-10-31 17:37:26,55.22,75.98,33.93,89,46,11.41
183,Padang,ID,2020-10-31 17:37:26,-0.95,100.35,78.08,75,100,4.03
184,Funtua,NG,2020-10-31 17:37:27,11.52,7.31,76.24,30,1,4.03
185,Westport,US,2020-10-31 17:36:06,41.14,-73.36,46.99,45,1,3.6
186,Jose De Freitas,BR,2020-10-31 17:37:27,-4.76,-42.58,100.4,25,20,6.93
187,Balabac,PH,2020-10-31 17:37:27,7.99,117.06,79.34,86,84,6.22
188,Nanortalik,GL,2020-10-31 17:37:27,60.14,-45.24,28.65,90,7,17.83
189,Souillac,MU,2020-10-31 17:33:22,-20.52,57.52,69.8,73,40,6.93
190,Odessa,UA,2020-10-31 17:37:20,46.48,30.73,48.2,81,75,8.95
191,Snasa,NO,2020-10-31 17:37:28,64.25,12.38,38.8,78,84,8.14
192,Mombetsu,JP,2020-10-31 17:37:28,44.35,143.35,41.0,77,92,5.01
193,Longyearbyen,SJ,2020-10-31 17:33:15,78.22,15.64,21.2,79,75,3.49
194,Kigoma,TZ,2020-10-31 17:37:29,-4.88,29.63,75.2,88,75,9.17
195,Nadym,RU,2020-10-31 17:37:29,65.53,72.52,31.28,98,100,13.06
196,Gweta,BW,2020-10-31 17:37:29,-20.18,25.23,88.14,15,5,9.51
197,Port Elizabeth,ZA,2020-10-31 17:37:30,-33.92,25.57,62.6,82,75,3.36
198,Marsaxlokk,MT,2020-10-31 17:37:30,35.84,14.54,66.99,77,20,4.7
199,Ereymentau,KZ,2020-10-31 17:37:30,51.62,73.1,32.2,87,0,7.29
200,Telfs,AT,2020-10-31 17:37:30,47.3,11.07,51.01,87,0,3.36
201,Batagay,RU,2020-10-31 17:33:09,67.63,134.63,-11.9,88,87,3.13
202,Aswan,EG,2020-10-31 17:37:31,24.09,32.91,81.64,28,0,11.39
203,Kondoa,TZ,2020-10-31 17:37:31,-4.9,35.78,69.67,48,55,8.88
204,Davila,PH,2020-10-31 17:37:31,18.47,120.58,76.03,74,94,21.97
205,Gumdag,TM,2020-10-31 17:37:31,39.21,54.59,64.47,24,6,14.7
206,Gravdal,NO,2020-10-31 17:37:32,68.12,13.5,46.47,79,15,18.66
207,Alcantara,BR,2020-10-31 17:37:32,-2.41,-44.41,89.6,55,20,17.22
208,Ochamchira,GE,2020-10-31 17:37:32,42.71,41.47,62.17,86,100,4.94
209,Arlit,NE,2020-10-31 17:37:32,18.74,7.39,84.36,16,0,19.1
210,Goma,CD,2020-10-31 17:37:19,-1.68,29.22,65.19,79,79,2.55
211,Tuatapere,NZ,2020-10-31 17:37:33,-46.13,167.68,46.99,81,2,5.01
212,Hirara,JP,2020-10-31 17:34:18,24.8,125.28,77.22,75,2,21.99
213,Diego De Almagro,CL,2020-10-31 17:37:33,-26.37,-70.05,82.94,14,22,16.93
214,Husavik,IS,2020-10-31 17:37:18,66.04,-17.34,41.0,73,0,12.75
215,Tagusao,PH,2020-10-31 17:37:34,9.19,117.81,79.2,80,99,4.45
216,Mahebourg,MU,2020-10-31 17:36:35,-20.41,57.7,69.8,73,40,6.93
217,Saldanha,ZA,2020-10-31 17:36:24,-33.01,17.94,73.4,35,0,19.46
218,Tautira,PF,2020-10-31 17:34:04,-17.73,-149.15,80.6,65,20,4.7
219,Mananjary,MG,2020-10-31 17:37:34,-21.22,48.33,67.1,72,39,3.44
220,Escanaba,US,2020-10-31 17:37:35,45.75,-87.06,46.4,65,20,17.22
221,Saquarema,BR,2020-10-31 17:37:35,-22.92,-42.51,69.8,100,90,9.17
222,Washougal,US,2020-10-31 17:37:35,45.58,-122.35,44.6,81,40,2.91
223,Cabo San Lucas,MX,2020-10-31 17:32:47,22.89,-109.91,86.0,61,40,4.7
224,Yelizovo,RU,2020-10-31 17:37:36,53.19,158.38,41.0,60,40,15.66
225,Kontagora,NG,2020-10-31 17:37:36,10.4,5.47,81.19,31,28,1.77
226,Raudeberg,NO,2020-10-31 17:37:36,61.99,5.14,53.01,48,100,16.2
227,Quatre Cocos,MU,2020-10-31 17:32:57,-20.21,57.76,69.8,73,40,6.93
228,Upata,VE,2020-10-31 17:37:37,8.01,-62.4,93.0,61,10,3.0
229,Sao Filipe,CV,2020-10-31 17:37:37,14.9,-24.5,81.86,60,64,14.2
230,Lompoc,US,2020-10-31 17:37:37,34.64,-120.46,62.6,62,1,5.82
231,Yar-Sale,RU,2020-10-31 17:37:38,66.83,70.83,26.82,96,81,13.27
232,Parksville,CA,2020-10-31 17:37:38,49.32,-124.32,46.4,81,11,1.12
233,Cidreira,BR,2020-10-31 17:37:38,-30.18,-50.21,67.46,62,93,9.64
234,Faya,SA,2020-10-31 17:37:38,18.39,42.45,66.2,77,0,3.36
235,Helong,CN,2020-10-31 17:37:38,42.54,129.0,41.65,81,80,6.53
236,Ola,RU,2020-10-31 17:37:39,59.58,151.28,33.03,94,100,9.66
237,High Prairie,CA,2020-10-31 17:37:39,55.43,-116.49,33.8,69,54,10.29
238,Waounde,SN,2020-10-31 17:37:39,15.26,-12.87,102.2,24,0,2.24
239,Madison,US,2020-10-31 17:33:34,34.73,-86.57,64.0,55,1,9.17
240,Temerin,RS,2020-10-31 17:37:40,45.41,19.89,59.0,100,75,5.82
241,Huaiyuan,CN,2020-10-31 17:37:40,32.97,117.2,59.27,69,72,4.27
242,Rundu,NA,2020-10-31 17:37:40,-17.93,19.77,83.61,20,24,3.96
243,Pacific Grove,US,2020-10-31 17:37:22,36.62,-121.92,64.99,48,1,7.76
244,Quixada,BR,2020-10-31 17:37:41,-4.97,-39.02,95.0,34,96,8.41
245,Vyartsilya,RU,2020-10-31 17:37:41,62.18,30.69,31.23,97,0,3.94
246,Pangnirtung,CA,2020-10-31 17:33:31,66.15,-65.71,19.4,52,75,3.36
247,Niquelandia,BR,2020-10-31 17:37:42,-14.47,-48.46,76.62,81,100,1.23
248,Acarau,BR,2020-10-31 17:36:31,-2.89,-40.12,86.97,58,97,19.01
249,Yarmouth,US,2020-10-31 17:37:42,41.71,-70.23,48.0,45,1,4.7
250,Cabedelo,BR,2020-10-31 17:37:42,-6.98,-34.83,86.0,66,40,13.87
251,Pallasovka,RU,2020-10-31 17:37:43,50.05,46.88,51.42,46,94,5.97
252,Okhotsk,RU,2020-10-31 17:37:43,59.38,143.3,15.76,86,0,12.21
253,Maarianhamina,AX,2020-10-31 17:37:43,60.1,19.93,50.0,93,90,11.41
254,Kaitangata,NZ,2020-10-31 17:37:43,-46.28,169.85,46.99,78,2,3.0
255,Sao Joao Da Barra,BR,2020-10-31 17:34:01,-21.64,-41.05,73.4,78,90,25.28
256,Yerbogachen,RU,2020-10-31 17:33:53,61.28,108.01,1.54,92,0,3.29
257,Dingle,PH,2020-10-31 17:34:38,11.0,122.67,75.65,83,100,6.6
258,Kavaratti,IN,2020-10-31 17:33:19,10.57,72.64,82.8,66,64,2.24
259,Tazovskiy,RU,2020-10-31 17:37:44,67.47,78.7,34.0,99,100,10.98
260,Omboue,GA,2020-10-31 17:37:45,-1.57,9.26,77.7,87,92,5.57
261,Tongliao,CN,2020-10-31 17:34:32,43.61,122.27,41.94,57,31,10.54
262,Leh,IN,2020-10-31 17:34:05,34.17,77.58,30.85,69,19,1.9
263,Bud,US,2020-10-31 17:37:45,39.45,-86.18,53.01,57,1,8.05
264,Dali,CN,2020-10-31 17:37:46,25.7,100.18,57.24,86,19,4.36
265,Sabang,ID,2020-10-31 17:37:46,5.89,95.32,82.36,77,100,11.34
266,Banda Aceh,ID,2020-10-31 17:36:37,5.56,95.32,80.6,75,98,6.96
267,Rawson,AR,2020-10-31 17:35:55,-43.3,-65.1,75.49,22,0,11.72
268,Hofn,IS,2020-10-31 17:33:57,64.25,-15.21,43.32,76,100,10.69
269,Sayat,TM,2020-10-31 17:37:47,38.78,63.88,50.0,31,0,9.17
270,Moosomin,CA,2020-10-31 17:37:47,50.13,-101.67,27.27,84,98,29.28
271,Mount Gambier,AU,2020-10-31 17:37:47,-37.83,140.77,42.8,100,90,1.12
272,Krasnogvardeyets,RU,2020-10-31 17:37:47,52.68,52.36,45.48,63,100,4.5
273,Arman,RU,2020-10-31 17:37:47,59.7,150.17,32.38,97,100,4.03
274,Lavrentiya,RU,2020-10-31 17:34:25,65.58,-171.0,19.65,92,39,7.81
275,Ancud,CL,2020-10-31 17:37:09,-41.87,-73.82,70.0,52,0,6.93
276,Ilhabela,BR,2020-10-31 17:33:21,-23.78,-45.36,67.89,87,100,7.38
277,Puerto Leguizamo,CO,2020-10-31 17:37:48,-0.19,-74.78,84.99,73,100,4.25
278,Tual,ID,2020-10-31 17:37:49,-5.67,132.75,82.9,77,70,12.82
279,Evanton,GB,2020-10-31 17:37:49,57.66,-4.34,51.8,76,40,38.03
280,Liverpool,GB,2020-10-31 17:37:49,53.41,-2.98,51.8,76,20,11.41
281,Marquette,US,2020-10-31 17:37:49,46.53,-87.63,44.01,53,62,18.01
282,Shimoda,JP,2020-10-31 17:37:50,34.67,138.95,56.89,61,5,7.74
283,Blairmore,CA,2020-10-31 17:37:50,49.6,-114.44,44.6,44,29,13.87
284,Sheridan,US,2020-10-31 17:37:50,44.83,-106.92,46.4,49,90,21.92
285,Plouzane,FR,2020-10-31 17:37:50,48.38,-4.62,53.6,71,20,9.17
286,Barmer,IN,2020-10-31 17:37:50,25.75,71.38,75.9,19,0,1.86
287,Avera,US,2020-10-31 17:37:51,33.19,-82.53,62.6,55,90,11.41
288,San Quintin,MX,2020-10-31 17:37:51,30.48,-115.95,74.37,41,77,5.44
289,College,US,2020-10-31 17:32:54,64.86,-147.8,8.01,84,90,2.24
290,Ishigaki,JP,2020-10-31 17:37:51,24.34,124.16,77.9,70,20,16.67
291,Port Keats,AU,2020-10-31 17:37:51,-14.25,129.55,81.9,81,15,5.93
292,Pemangkat,ID,2020-10-31 17:37:52,1.17,108.97,79.07,82,100,2.37
293,Santiago Del Estero,AR,2020-10-31 17:33:43,-27.8,-64.26,83.3,19,0,8.46
294,Victoria,HK,2020-10-31 17:36:25,22.29,114.16,73.0,78,17,1.99
295,Klaksvik,FO,2020-10-31 17:36:01,62.23,-6.59,51.8,100,100,23.04
296,Ostersund,SE,2020-10-31 17:34:24,63.18,14.64,37.4,93,71,8.05
297,Mhlume,SZ,2020-10-31 17:37:53,-26.03,31.85,71.01,72,87,1.99
298,Malanje,AO,2020-10-31 17:37:53,-9.54,16.34,68.94,87,70,2.8
299,Bayan,CN,2020-10-31 17:37:53,46.08,127.4,42.01,51,78,13.42
300,Hanzhong,CN,2020-10-31 17:35:13,33.07,107.03,56.3,54,100,0.56
301,Esil,KZ,2020-10-31 17:37:54,51.96,66.4,36.36,79,37,7.87
302,Zhezkazgan,KZ,2020-10-31 17:37:54,47.8,67.71,40.32,60,1,9.01
303,Manokwari,ID,2020-10-31 17:37:54,-0.87,134.08,80.33,75,97,4.68
304,Skelleftea,SE,2020-10-31 17:37:54,64.75,20.95,34.0,100,100,2.24
305,Ellon,GB,2020-10-31 17:37:54,57.36,-2.07,51.8,71,90,29.97
306,Katsuura,JP,2020-10-31 17:37:55,35.13,140.3,53.6,71,0,8.05
307,Mackenzie,CA,2020-10-31 17:37:55,55.3,-123.17,32.0,96,90,11.41
308,Pangkalanbuun,ID,2020-10-31 17:37:55,-2.68,111.62,73.9,98,93,1.77
309,Madang,PG,2020-10-31 17:37:55,-5.22,145.8,76.87,88,95,3.27
310,Honiara,SB,2020-10-31 17:34:57,-9.43,159.95,75.2,94,20,2.24
311,Kalmunai,LK,2020-10-31 17:36:47,7.42,81.82,80.17,81,71,2.08
312,Gat,IL,2020-10-31 17:37:56,31.61,34.76,77.0,100,19,4.72
313,Bindura,ZW,2020-10-31 17:37:56,-17.3,31.33,73.0,41,25,5.99
314,Kisangani,CD,2020-10-31 17:37:56,0.52,25.2,72.81,86,70,2.24
315,Abaetetuba,BR,2020-10-31 17:37:57,-1.72,-48.88,87.8,70,75,11.41
316,Duku,NG,2020-10-31 17:37:57,11.24,4.91,85.24,23,70,4.85
317,Ampanihy,MG,2020-10-31 17:37:57,-24.7,44.75,73.08,58,0,10.6
318,Pisco,PE,2020-10-31 17:33:47,-13.7,-76.22,69.01,77,78,11.41
319,Touros,BR,2020-10-31 17:36:14,-5.2,-35.46,86.0,66,75,16.11
320,Baghdad,IQ,2020-10-31 17:37:10,33.34,44.4,78.8,24,32,10.29
321,Bathsheba,BB,2020-10-31 17:33:22,13.22,-59.52,84.2,79,40,20.8
322,Santa Maria,BR,2020-10-31 17:37:58,-29.68,-53.81,71.6,56,75,13.87
323,Mossendjo,CG,2020-10-31 17:37:58,-2.95,12.73,72.55,95,92,2.26
324,Poum,NC,2020-10-31 17:37:58,-20.23,164.02,77.2,81,58,23.09
325,Qobustan,AZ,2020-10-31 17:37:59,40.08,49.41,66.2,93,40,16.11
326,Laguna,US,2020-10-31 17:34:58,38.42,-121.42,59.0,47,1,4.18
327,Aksay,RU,2020-10-31 17:37:59,47.26,39.87,57.2,93,40,11.18
328,Brae,GB,2020-10-31 17:34:23,60.4,-1.35,53.6,93,100,34.45
329,Ambagarh Chauki,IN,2020-10-31 17:37:59,20.78,80.72,68.11,60,0,2.46
330,Saint-Philippe,RE,2020-10-31 17:38:00,-21.36,55.77,68.0,64,0,5.82
331,Zeya,RU,2020-10-31 17:38:00,53.75,127.27,29.7,91,100,11.61
332,Mian Channun,PK,2020-10-31 17:38:00,30.44,72.35,68.13,23,0,3.15
333,Dunedin,NZ,2020-10-31 17:38:00,-45.87,170.5,50.0,76,0,7.38
334,Babrala,IN,2020-10-31 17:38:00,28.27,78.4,71.53,27,0,3.74
335,Cherskiy,RU,2020-10-31 17:33:55,68.75,161.3,8.15,88,92,3.49
336,San Joaquin,US,2020-10-31 17:38:01,37.93,-121.3,62.6,54,1,3.36
337,San Andres,CO,2020-10-31 17:33:25,12.58,-81.7,86.0,79,75,11.41
338,Rasra,IN,2020-10-31 17:38:01,25.85,83.85,74.19,47,56,6.22
339,Surgut,RU,2020-10-31 17:38:02,61.25,73.42,32.0,96,0,6.71
340,Seymchan,RU,2020-10-31 17:37:08,62.88,152.43,11.88,94,100,5.06
341,Riviere-Du-Loup,CA,2020-10-31 17:34:27,47.83,-69.53,33.8,79,3,8.05
342,Santa Cruz,BO,2020-10-31 17:36:16,-17.8,-63.17,87.8,23,75,19.46
343,Iqaluit,CA,2020-10-31 17:34:01,63.75,-68.51,21.2,79,90,3.36
344,Sinegorye,RU,2020-10-31 17:38:03,62.08,150.48,14.92,93,100,0.85
345,Abu Samrah,SY,2020-10-31 17:38:03,35.3,37.18,70.9,42,94,6.44
346,Fairbanks,US,2020-10-31 17:34:28,64.84,-147.72,6.01,84,90,2.28
347,Kununurra,AU,2020-10-31 17:34:21,-15.77,128.73,80.6,83,64,3.36
348,Havoysund,NO,2020-10-31 17:38:04,71.0,24.66,39.2,78,100,13.87
349,Tartagal,AR,2020-10-31 17:38:04,-22.52,-63.8,81.46,28,18,7.16
350,Hervey Bay,AU,2020-10-31 17:33:50,-25.3,152.85,75.99,82,3,4.0
351,Sao Felix Do Xingu,BR,2020-10-31 17:38:04,-6.64,-51.99,93.54,42,97,3.33
352,Nhulunbuy,AU,2020-10-31 17:38:05,-12.23,136.77,75.2,83,0,4.5
353,Shingu,JP,2020-10-31 17:38:05,33.73,135.98,57.87,67,33,6.78
354,Lakselv,NO,2020-10-31 17:38:05,70.05,24.97,32.0,92,75,14.99
355,Narasannapeta,IN,2020-10-31 17:38:05,18.42,84.05,76.19,72,59,4.7
356,Kahului,US,2020-10-31 17:38:05,20.89,-156.47,75.0,73,20,3.36
357,Oum Hadjer,TD,2020-10-31 17:38:06,13.3,19.7,91.47,18,67,12.8
358,Requena,ES,2020-10-31 17:38:06,39.49,-1.1,69.01,41,0,1.99
359,Resistencia,AR,2020-10-31 17:38:06,-27.46,-58.98,84.2,23,0,13.87
360,Geraldton,AU,2020-10-31 17:35:53,-28.77,114.6,68.0,77,40,13.87
361,Sorland,NO,2020-10-31 17:34:22,67.67,12.69,47.14,79,18,18.92
362,Tomatlan,MX,2020-10-31 17:38:06,19.93,-105.25,91.0,52,6,3.96
363,Saint-Augustin,CA,2020-10-31 17:38:07,51.23,-58.65,33.39,73,1,14.09
364,Nouadhibou,MR,2020-10-31 17:38:07,20.93,-17.03,71.6,78,34,16.11
365,Nantucket,US,2020-10-31 17:38:07,41.28,-70.1,46.4,49,1,8.05
366,Buala,SB,2020-10-31 17:38:07,-8.14,159.59,79.86,75,67,3.62
367,Krasnyy Yar,RU,2020-10-31 17:38:08,46.53,48.35,50.0,70,0,6.71
368,Frankfort,ZA,2020-10-31 17:38:08,-27.27,28.48,57.83,89,100,16.55
369,Gunjur,GM,2020-10-31 17:38:08,13.2,-16.73,93.2,59,0,3.47
370,Sabya,SA,2020-10-31 17:38:08,17.15,42.63,87.8,66,20,3.36
371,Saint-Leu,RE,2020-10-31 17:38:08,-21.15,55.28,68.0,64,0,5.82
372,Lagoa,PT,2020-10-31 17:38:09,39.05,-27.98,68.56,93,70,24.63
373,Vostok,RU,2020-10-31 17:33:46,46.49,135.88,34.27,90,97,5.53
374,Payakumbuh,ID,2020-10-31 17:36:32,-0.22,100.63,69.78,89,100,2.98
375,Bella Union,UY,2020-10-31 17:38:09,-30.28,-57.6,73.38,50,1,11.65
376,Saravena,CO,2020-10-31 17:38:10,6.95,-71.88,91.49,47,88,4.14
377,Atar,MR,2020-10-31 17:38:10,20.52,-13.05,94.57,11,0,10.83
378,Wana,PK,2020-10-31 17:38:10,32.3,69.57,53.58,35,0,3.38
379,Beckley,US,2020-10-31 17:36:54,37.78,-81.19,57.2,61,1,13.87
380,Airai,TL,2020-10-31 17:38:11,-8.93,125.41,60.37,79,18,1.41
381,Norman Wells,CA,2020-10-31 17:38:11,65.28,-126.83,-4.0,83,20,4.7
382,Nalut,LY,2020-10-31 17:38:11,30.33,10.85,64.04,41,0,9.42
383,Abaza,RU,2020-10-31 17:38:11,52.66,90.09,26.1,95,96,3.85
384,Severo-Kurilsk,RU,2020-10-31 17:38:12,50.68,156.12,42.39,73,100,25.52
385,Pontal Do Parana,BR,2020-10-31 17:38:12,-25.65,-48.51,66.2,68,75,8.05
386,Vestmannaeyjar,IS,2020-10-31 17:37:57,63.44,-20.27,44.6,70,40,13.87
387,Ahipara,NZ,2020-10-31 17:38:12,-35.17,173.17,62.4,95,38,4.29
388,Zinder,NE,2020-10-31 17:38:12,13.81,8.99,91.4,17,0,4.7
389,Barranca,PE,2020-10-31 17:38:13,-10.75,-77.77,68.25,68,89,10.49
390,Port Blair,IN,2020-10-31 17:35:08,11.67,92.75,80.22,82,23,7.47
391,San Felipe,VE,2020-10-31 17:38:13,10.34,-68.74,84.94,79,86,0.6
392,Bonfim,BR,2020-10-31 17:33:40,3.08,-59.95,94.96,42,17,6.62
393,Frontera,MX,2020-10-31 17:38:13,26.93,-101.45,75.99,26,48,1.01
394,Yabelo,ET,2020-10-31 17:38:14,4.88,38.08,61.07,94,90,8.59
395,Praia,CV,2020-10-31 17:38:14,14.92,-23.51,82.4,65,75,21.92
396,Mehamn,NO,2020-10-31 17:38:14,71.04,27.85,32.2,97,90,10.83
397,Coahuayana,MX,2020-10-31 17:38:14,18.73,-103.68,80.6,74,40,4.07
398,Bourne,GB,2020-10-31 17:38:14,52.77,-0.38,52.0,71,50,13.87
399,Byron Bay,AU,2020-10-31 17:33:50,-28.65,153.62,62.6,77,5,5.82
400,Kavieng,PG,2020-10-31 17:38:15,-2.57,150.8,83.08,75,77,10.29
401,Calamar,CO,2020-10-31 17:38:15,10.25,-74.91,82.4,83,40,11.41
402,Yinchuan,CN,2020-10-31 17:38:16,38.47,106.27,44.73,46,35,3.33
403,Dicabisagan,PH,2020-10-31 17:38:16,17.08,122.42,75.94,84,100,14.67
404,Qaqortoq,GL,2020-10-31 17:34:42,60.72,-46.03,28.4,68,40,3.36
405,Leua,SK,2020-10-31 17:38:16,48.22,18.61,57.0,94,55,1.99
406,Plastun,RU,2020-10-31 17:38:17,44.76,136.29,40.84,86,94,4.5
407,Falavarjan,IR,2020-10-31 17:38:17,32.56,51.51,51.8,20,0,4.7
408,Nishihara,JP,2020-10-31 17:37:18,26.18,127.76,73.4,78,75,10.29
409,Sangre Grande,TT,2020-10-31 17:38:18,10.58,-61.12,89.6,59,40,9.17
410,Saint George,US,2020-10-31 17:34:13,37.1,-113.58,53.6,25,1,1.63
411,Vung Tau,VN,2020-10-31 17:38:19,10.35,107.08,80.74,83,60,15.05
412,Marang,MY,2020-10-31 17:38:19,5.21,103.21,78.8,94,20,2.24
413,Grand Island,US,2020-10-31 17:35:28,40.92,-98.34,62.6,33,1,20.8
414,Svobodnyy,RU,2020-10-31 17:38:19,51.4,128.13,33.91,98,100,7.25
415,Kuusankoski,FI,2020-10-31 17:38:20,60.91,26.62,42.01,100,90,8.05
416,Payo,ID,2020-10-31 17:38:20,-3.75,103.64,73.89,96,100,1.45
417,Joensuu,FI,2020-10-31 17:38:20,62.6,29.76,30.99,92,75,6.93
418,Toamasina,MG,2020-10-31 17:38:20,-18.17,49.38,68.0,94,75,4.7
419,Manyana,BW,2020-10-31 17:38:20,-23.4,21.72,86.76,19,58,3.91
420,Nyimba,ZM,2020-10-31 17:38:21,-14.56,30.81,80.67,35,90,7.34
421,Lithgow,AU,2020-10-31 17:38:21,-33.48,150.15,46.99,93,43,1.99
422,Midyat,TR,2020-10-31 17:38:21,37.42,41.34,73.4,18,75,8.05
423,Belyy Yar,RU,2020-10-31 17:38:21,53.6,91.39,35.6,74,75,6.71
424,Egvekinot,RU,2020-10-31 17:38:21,66.32,-179.17,12.6,81,44,4.41
425,Asau,RO,2020-10-31 17:36:32,46.43,26.4,41.0,92,86,4.59
426,Kushikino,JP,2020-10-31 17:38:22,31.72,130.27,57.11,79,3,6.8
427,Linxia,CN,2020-10-31 17:36:22,35.6,103.21,40.19,67,91,2.46
428,Mealhada,PT,2020-10-31 17:38:22,40.38,-8.45,64.99,83,58,1.52
429,Manjakandriana,MG,2020-10-31 17:38:22,-18.92,47.8,59.0,77,20,9.17
430,Paamiut,GL,2020-10-31 17:38:23,61.99,-49.67,28.13,89,82,16.46
431,Tocopilla,CL,2020-10-31 17:38:23,-22.09,-70.2,69.49,46,26,8.95
432,Yeppoon,AU,2020-10-31 17:38:23,-23.13,150.73,73.4,88,90,4.7
433,Oktyabrskiy,RU,2020-10-31 17:38:23,54.48,53.47,41.59,73,100,4.99
434,Sur,OM,2020-10-31 17:34:02,22.57,59.53,71.37,57,0,1.05
435,Tomari,RU,2020-10-31 17:38:24,47.77,142.07,48.29,82,100,15.23
436,Lethem,GY,2020-10-31 17:38:24,3.38,-59.8,94.23,45,18,7.76
437,Alizai,PK,2020-10-31 17:38:24,33.54,70.35,56.41,29,0,3.53
438,Krasnovishersk,RU,2020-10-31 17:38:24,60.41,57.08,34.09,95,100,6.62
439,Rosa Zarate,EC,2020-10-31 17:34:05,0.33,-79.47,85.23,61,99,4.45
440,Kawambwa,ZM,2020-10-31 17:38:25,-9.79,29.08,70.74,45,28,4.34
441,Cockburn Town,TC,2020-10-31 17:36:33,21.46,-71.14,86.0,66,40,14.99
442,Urengoy,RU,2020-10-31 17:38:25,65.97,78.37,31.32,99,100,15.14
443,Ambon,ID,2020-10-31 17:38:25,-3.7,128.18,82.0,84,27,1.01
444,Nicoya,CR,2020-10-31 17:38:26,10.15,-85.45,84.2,70,40,6.93
445,Chernigovka,RU,2020-10-31 17:38:26,44.34,132.57,47.08,84,85,9.89
446,Rovinj,HR,2020-10-31 17:38:26,45.08,13.64,53.6,93,7,4.18
447,Saint-Georges,GD,2020-10-31 17:34:01,12.06,-61.75,86.0,74,75,23.04
448,Warrington,GB,2020-10-31 17:38:27,53.39,-2.58,51.8,76,20,11.41
449,Esperance,AU,2020-10-31 17:38:27,-33.87,121.9,73.4,28,100,14.99
450,Virginia Beach,US,2020-10-31 17:38:27,36.85,-75.98,57.99,54,75,9.17
451,Gilgit,PK,2020-10-31 17:38:27,35.92,74.31,53.2,34,0,3.2
452,Chipinge,ZW,2020-10-31 17:38:28,-20.19,32.62,68.05,49,3,6.51
453,Olinda,BR,2020-10-31 17:38:28,-8.01,-34.86,84.2,70,40,12.75
454,Svetlaya,RU,2020-10-31 17:38:28,46.54,138.33,40.87,69,100,3.69
455,Zhuanghe,CN,2020-10-31 17:38:28,39.7,122.99,54.0,88,61,10.8
456,Takhatgarh,IN,2020-10-31 17:38:29,25.33,73.0,69.96,24,0,2.19
457,Kurilsk,RU,2020-10-31 17:38:29,45.23,147.88,46.89,68,90,11.36
458,Berkakit,RU,2020-10-31 17:38:29,56.58,124.77,4.89,94,84,6.8
459,Barcelos,PT,2020-10-31 17:34:26,41.54,-8.62,64.0,93,90,9.17
460,Ovsyanka,RU,2020-10-31 17:38:29,55.96,92.55,24.8,92,75,4.47
461,Neuquen,AR,2020-10-31 17:35:20,-38.95,-68.06,82.4,20,0,14.99
462,Ponta Delgada,PT,2020-10-31 17:34:14,37.73,-25.67,69.8,94,75,19.46
463,Umiray,PH,2020-10-31 17:38:30,15.22,121.41,77.31,76,100,3.58
464,Rockland,US,2020-10-31 17:37:54,41.17,-74.05,46.0,56,0,1.01
465,Kearney,US,2020-10-31 17:38:30,40.7,-99.08,62.6,29,1,21.92
466,Conde,BR,2020-10-31 17:38:31,-7.26,-34.91,86.0,66,40,13.87
467,Diffa,NE,2020-10-31 17:38:31,13.32,12.61,83.73,18,0,6.62
468,Zharkent,KZ,2020-10-31 17:38:31,44.16,80.0,41.25,59,0,2.68
469,Veraval,IN,2020-10-31 17:38:31,20.9,70.37,80.98,54,0,3.8
470,Mpongwe,ZM,2020-10-31 17:34:07,-13.51,28.16,74.44,30,39,6.42
471,Igarka,RU,2020-10-31 17:38:32,67.47,86.58,15.35,96,100,29.82
472,Springbok,ZA,2020-10-31 17:38:32,-29.66,17.89,66.65,26,0,10.29
473,Tabas,IR,2020-10-31 17:38:32,33.6,56.92,66.2,19,0,4.7
474,Anadyr,RU,2020-10-31 17:37:07,64.75,177.48,6.8,84,75,6.71
475,Kaeo,NZ,2020-10-31 17:38:33,-35.1,173.78,57.0,96,47,5.01
476,Yuanping,CN,2020-10-31 17:38:33,38.72,112.76,41.77,58,38,3.89
477,Yankton,US,2020-10-31 17:36:06,42.87,-97.4,59.0,44,1,26.4
478,Peniche,PT,2020-10-31 17:38:33,39.36,-9.38,64.99,84,61,5.01
479,Naze,JP,2020-10-31 17:34:04,28.37,129.48,68.0,77,13,5.82
480,Vardo,NO,2020-10-31 17:36:30,70.37,31.11,35.87,85,75,22.03
481,Necochea,AR,2020-10-31 17:36:25,-38.55,-58.74,67.24,50,2,9.1
482,Yumen,CN,2020-10-31 17:34:26,40.28,97.2,34.57,65,73,12.08
483,Balkhash,KZ,2020-10-31 17:37:20,46.84,74.98,40.68,65,0,6.91
484,Auki,SB,2020-10-31 17:33:38,-8.77,160.7,78.04,85,31,4.27
485,Praya,CV,2020-10-31 17:38:34,14.92,-23.51,82.4,65,75,21.92
486,Lakes Entrance,AU,2020-10-31 17:38:35,-37.88,147.98,55.99,94,42,1.01
487,Mollendo,PE,2020-10-31 17:38:35,-17.02,-72.01,67.59,67,89,7.83
488,Lata,PT,2020-10-31 17:38:35,40.16,-8.33,64.99,83,58,1.54
489,Half Moon Bay,US,2020-10-31 17:33:46,37.46,-122.43,64.0,82,5,3.44
490,Nkhata Bay,MW,2020-10-31 17:38:35,-11.61,34.29,75.88,68,25,4.21
491,Moura,PT,2020-10-31 17:38:36,38.14,-7.45,73.4,56,0,8.05
492,Athabasca,CA,2020-10-31 17:35:09,54.72,-113.29,28.4,79,28,4.7
493,Krasnoselkup,RU,2020-10-31 17:38:36,65.7,82.47,35.13,98,100,20.83
494,Port Augusta,AU,2020-10-31 17:34:15,-32.5,137.77,55.4,82,0,6.93
495,Aksarka,RU,2020-10-31 17:38:36,66.56,67.8,27.21,96,16,13.76
496,Babayurt,RU,2020-10-31 17:38:37,43.6,46.78,56.93,96,86,7.14
497,Pontes E Lacerda,BR,2020-10-31 17:33:42,-15.23,-59.34,88.81,39,80,7.25
498,Bereda,ES,2020-10-31 17:38:37,43.27,-7.54,64.0,86,100,14.0
499,Arroyo Grande,US,2020-10-31 17:36:15,35.12,-120.59,62.6,82,1,2.44
500,Vagur,FO,2020-10-31 17:38:37,61.47,-6.81,50.74,89,100,19.91
501,Jardim,BR,2020-10-31 17:34:21,-21.48,-56.14,83.62,53,77,6.69
502,Sol-Iletsk,RU,2020-10-31 17:38:38,51.16,54.99,46.67,55,97,8.57
503,Antalaha,MG,2020-10-31 17:38:38,-14.9,50.28,69.03,79,43,9.69
504,Wukari,NG,2020-10-31 17:38:38,7.85,9.78,82.49,45,14,0.89
505,Yantal,RU,2020-10-31 17:38:39,56.85,105.25,18.39,92,99,6.2
506,Concordia,AR,2020-10-31 17:35:32,-31.39,-58.02,73.4,43,40,9.17
507,Cabatuan,PH,2020-10-31 17:38:39,10.88,122.49,75.99,80,100,5.06
508,Trairi,BR,2020-10-31 17:38:39,-3.28,-39.27,86.04,61,76,15.32
509,Sitka,US,2020-10-31 17:38:39,57.05,-135.33,50.0,87,90,23.04
510,Gaoua,BF,2020-10-31 17:38:40,10.3,-3.25,85.8,27,0,2.01
511,Santa Marta,CO,2020-10-31 17:35:40,11.24,-74.2,88.0,74,46,1.01
512,Aguimes,ES,2020-10-31 17:38:40,27.91,-15.45,84.2,23,0,8.05
513,Abay,KZ,2020-10-31 17:38:40,49.63,72.85,21.2,85,0,4.47
514,Tanout,NE,2020-10-31 17:38:40,14.97,8.89,83.23,15,0,9.6
515,Eydhafushi,MV,2020-10-31 17:38:41,5.1,73.07,83.08,69,48,7.34
516,Kutum,SD,2020-10-31 17:36:42,14.2,24.67,78.93,22,3,10.07
517,Wagar,SD,2020-10-31 17:38:41,16.15,36.2,90.79,25,30,7.49
518,Alindao,CF,2020-10-31 17:38:41,5.03,21.21,73.67,90,43,0.29
519,Salinopolis,BR,2020-10-31 17:38:41,-0.61,-47.36,85.57,65,8,12.73
520,Kropotkin,RU,2020-10-31 17:38:42,45.44,40.58,61.66,66,100,12.88
521,Jinka,ET,2020-10-31 17:38:42,5.65,36.65,65.41,85,84,2.44
522,Samarai,PG,2020-10-31 17:34:08,-10.62,150.67,80.55,84,72,9.31
523,Onega,RU,2020-10-31 17:38:42,63.91,38.14,32.41,95,11,4.43
524,Henties Bay,NA,2020-10-31 17:38:42,-22.12,14.28,57.0,86,26,4.0
525,Luanda,AO,2020-10-31 17:38:08,-8.84,13.23,80.6,78,20,10.29
526,Makaha,US,2020-10-31 17:35:00,21.47,-158.22,71.6,100,1,1.34
527,Berdigestyakh,RU,2020-10-31 17:38:43,62.1,126.7,-11.67,89,4,2.26
528,Kudahuvadhoo,MV,2020-10-31 17:36:17,2.67,72.89,83.32,71,40,5.21
529,Karratha,AU,2020-10-31 17:37:56,-20.74,116.85,70.0,83,0,10.92
530,Gagarin,RU,2020-10-31 17:38:44,55.55,35.0,43.3,86,80,8.84
531,Salou,ES,2020-10-31 17:34:10,41.08,1.14,66.0,88,0,4.7
532,Morondava,MG,2020-10-31 17:38:44,-20.28,44.28,79.83,70,24,8.99
533,Tumaco,CO,2020-10-31 17:38:45,1.8,-78.82,80.73,73,93,9.48
534,Ambilobe,MG,2020-10-31 17:38:45,-13.2,49.05,73.09,62,61,7.61
535,Vila Franca Do Campo,PT,2020-10-31 17:38:45,37.72,-25.43,69.8,94,75,19.46
536,Waipawa,NZ,2020-10-31 17:38:45,-41.41,175.52,57.2,82,44,9.17
537,Ende,ID,2020-10-31 17:38:46,-8.84,121.66,78.4,73,99,2.51
